{
  "LoadPower": {
    "max": 807.11376953125,
    "min": 239.9044952392578
  },
  "Hour": {
    "max": 23.0,
    "min": 0.0
  },
  "Day": {
    "max": 31.0,
    "min": 1.0
  },
  "DayYear": {
    "max": 366.0,
    "min": 1.0
  },
  "Month": {
    "max": 12.0,
    "min": 1.0
  },
  "Season": {
    "max": 4.0,
    "min": 1.0
  }
}