{
  "WindPower": {
    "min": -1.8245472973862469,
    "max": 1028.93473002116
  },
  "wind_speed": {
    "min": 0.5370359568412582,
    "max": 24.726475490425912
  },
  "wind_temperature": {
    "min": -0.7770884206378943,
    "max": 16.230055512322316
  },
  "Hour": {
    "min": 0.0,
    "max": 23.0
  },
  "Day": {
    "min": 1.0,
    "max": 31.0
  },
  "DayYear": {
    "min": 1.0,
    "max": 366.0
  },
  "Month": {
    "min": 1.0,
    "max": 12.0
  },
  "Season": {
    "min": 1.0,
    "max": 4.0
  }
}