{
  "SolarPower": {
    "min": -0.15,
    "max": 424.56175
  },
  "Hour_sin": {
    "min": -1.0,
    "max": 1.0
  },
  "Hour_cos": {
    "min": -1.0,
    "max": 1.0
  },
  "DayYear_sin": {
    "min": 0.9700639218515071,
    "max": 0.989932495087353
  },
  "DayYear_cos": {
    "min": 0.141540295217043,
    "max": 0.2428497220959356
  },
  "Season": {
    "min": 1.0,
    "max": 1.0
  }
}