{
  "RealPower": {
    "min": -0.3172499999999999,
    "max": 483.64425
  },
  "Cloud Type": {
    "min": 0.0,
    "max": 10.0
  },
  "Hour_sin": {
    "min": -1.0,
    "max": 1.0
  },
  "Hour_cos": {
    "min": -1.0,
    "max": 1.0
  },
  "DayYear_sin": {
    "min": -0.9999907397361901,
    "max": 0.9999907397361901
  },
  "DayYear_cos": {
    "min": -0.9999629591162655,
    "max": 1.0
  },
  "Season": {
    "min": 1.0,
    "max": 4.0
  }
}
